﻿{
  "VoorGerechten": [
    {
      "naam": "Sprinkhaan",
      "beschrijving": "Krokante Sprinkhaan op een bedje van kakkerlak",
      "prijs": 5.99,
      "foto": "Foto1.jpg",
      "aantal" :  0      
    },
    {
      "naam": "Tandoori Burger",
      "beschrijving": "Burger op basis van Tandoori, een snelle hap als hongerstillertje",
      "prijs": 4.99,
      "foto": "Foto3.jpg",
      "aantal" :  0      
    },
    {
      "naam": "CupCake",
      "beschrijving": "Eetbare Cupcake, met wormpjes",
      "prijs": 2.99,
      "foto": "Foto9.jpg",
      "aantal" :  0      
    }
  ],
  "Hoofdgerechten": [
    {
      "naam": "Sushi",
      "beschrijving": "Speciale Sushi met een summum aan krakertjes",
      "prijs": 7.99,
      "foto": "Foto8.jpg",
      "aantal" :  0      
    },
    {
      "naam": "Insect Burger",
      "beschrijving": "Een burger met lekkers en Pont-Neuf frietjes",
      "prijs": 4.99,
      "foto": "Foto5.jpg",
      "aantal" :  0      
    },
    {
      "naam": "Salade",
      "beschrijving": "Salade op basis van zelfgevonden items",
      "prijs": 1.99,
      "foto": "Foto10.jpg",
      "aantal" :  0
          }
  ],
  "Desserts" : [
    {
      "naam": "Lolly",
      "beschrijving": "Een lolly met inhoud, een vleugje nostalgie",
      "prijs": 2.99,
      "foto": "Foto6.jpg",
      "aantal" :  0
      
    },
    {
      "naam": "Ijsje",
      "beschrijving": "Lekker ijs met licht glimmende worms on the side",
      "prijs": 2.99,
      "foto": "Foto7.jpg",
      "aantal" :  0      
    }
  ]

}
